rank,name,boardlife_link,players,players_min,players_max,genre,rating,shopping_link,google_link
1,브라스: 버밍엄,https://boardlife.co.kr/game/8569,2~4명,2,4,전략게임,8.479,https://search.shopping.naver.com/search/all?query=브라스: 버밍엄 보드게임,https://www.google.com/search?q=브라스: 버밍엄 보드게임
2,세티: 외계의 지성체를 찾아서,https://boardlife.co.kr/game/19110,1~4명,1,4,전략게임,8.452,https://search.shopping.naver.com/search/all?query=세티: 외계의 지성체를 찾아서 보드게임,https://www.google.com/search?q=세티: 외계의 지성체를 찾아서 보드게임
3,팬데믹 레거시: 시즌 1,https://boardlife.co.kr/game/5572,2~4명,2,4,전략게임,8.358,https://search.shopping.naver.com/search/all?query=팬데믹 레거시: 시즌 1 보드게임,https://www.google.com/search?q=팬데믹 레거시: 시즌 1 보드게임
4,글룸헤이븐,https://boardlife.co.kr/game/5625,1~4명,1,4,전략게임,8.342,https://search.shopping.naver.com/search/all?query=글룸헤이븐 보드게임,https://www.google.com/search?q=글룸헤이븐 보드게임
5,쓰루 디 에이지스: 문명에 관한 새로운 이야기,https://boardlife.co.kr/game/5660,2~4명,2,4,전략게임,8.314,https://search.shopping.naver.com/search/all?query=쓰루 디 에이지스: 문명에 관한 새로운 이야기 보드게임,https://www.google.com/search?q=쓰루 디 에이지스: 문명에 관한 새로운 이야기 보드게임
6,칸반 EV,https://boardlife.co.kr/game/12189,1~4명,1,4,전략게임,8.288,https://search.shopping.naver.com/search/all?query=칸반 EV 보드게임,https://www.google.com/search?q=칸반 EV 보드게임
7,가이아 프로젝트,https://boardlife.co.kr/game/9210,1~4명,1,4,전략게임,8.282,https://search.shopping.naver.com/search/all?query=가이아 프로젝트 보드게임,https://www.google.com/search?q=가이아 프로젝트 보드게임
8,버건디의 성,https://boardlife.co.kr/game/421,2~4명,2,4,전략게임,8.277,https://search.shopping.naver.com/search/all?query=버건디의 성 보드게임,https://www.google.com/search?q=버건디의 성 보드게임
9,아르낙의 잊혀진 유적,https://boardlife.co.kr/game/13341,1~4명,1,4,전략게임,8.243,https://search.shopping.naver.com/search/all?query=아르낙의 잊혀진 유적 보드게임,https://www.google.com/search?q=아르낙의 잊혀진 유적 보드게임
10,버라지,https://boardlife.co.kr/game/9804,1~4명,1,4,전략게임,8.235,https://search.shopping.naver.com/search/all?query=버라지 보드게임,https://www.google.com/search?q=버라지 보드게임
11,황혼의 투쟁,https://boardlife.co.kr/game/348,2명,2,2,전략게임,8.234,https://search.shopping.naver.com/search/all?query=황혼의 투쟁 보드게임,https://www.google.com/search?q=황혼의 투쟁 보드게임
12,푸에르토리코,https://boardlife.co.kr/game/90,3~5명,3,5,전략게임,8.219,https://search.shopping.naver.com/search/all?query=푸에르토리코 보드게임,https://www.google.com/search?q=푸에르토리코 보드게임
13,7 원더스 대결,https://boardlife.co.kr/game/5222,2명,2,2,전략게임,8.205,https://search.shopping.naver.com/search/all?query=7 원더스 대결 보드게임,https://www.google.com/search?q=7 원더스 대결 보드게임
14,브라스: 랭커셔,https://boardlife.co.kr/game/8567,2~4명,2,4,전략게임,8.196,https://search.shopping.naver.com/search/all?query=브라스: 랭커셔 보드게임,https://www.google.com/search?q=브라스: 랭커셔 보드게임
15,아크 노바,https://boardlife.co.kr/game/14832,1~4명,1,4,전략게임,8.195,https://search.shopping.naver.com/search/all?query=아크 노바 보드게임,https://www.google.com/search?q=아크 노바 보드게임
16,메이지 나이트,https://boardlife.co.kr/game/519,1~4명,1,4,전략게임,8.191,https://search.shopping.naver.com/search/all?query=메이지 나이트 보드게임,https://www.google.com/search?q=메이지 나이트 보드게임
17,아컴 호러: 카드 게임,https://boardlife.co.kr/game/7501,1~2명,1,2,컬렉터블 게임,8.187,https://search.shopping.naver.com/search/all?query=아컴 호러: 카드 게임 보드게임,https://www.google.com/search?q=아컴 호러: 카드 게임 보드게임
18,정령섬,https://boardlife.co.kr/game/9071,1~4명,1,4,전략게임,8.158,https://search.shopping.naver.com/search/all?query=정령섬 보드게임,https://www.google.com/search?q=정령섬 보드게임
19,"머더 미스터리 미니: 웬디, 어른이 되렴",https://boardlife.co.kr/game/16070,4~5명,4,5,정보 없음,8.150,"https://search.shopping.naver.com/search/all?query=머더 미스터리 미니: 웬디, 어른이 되렴 보드게임","https://www.google.com/search?q=머더 미스터리 미니: 웬디, 어른이 되렴 보드게임"
20,테라포밍 마스,https://boardlife.co.kr/game/6501,1~5명,1,5,전략게임,8.145,https://search.shopping.naver.com/search/all?query=테라포밍 마스 보드게임,https://www.google.com/search?q=테라포밍 마스 보드게임
21,갤럭틱 크루즈,https://boardlife.co.kr/game/17208,1~4명,1,4,전략게임,8.143,https://search.shopping.naver.com/search/all?query=갤럭틱 크루즈 보드게임,https://www.google.com/search?q=갤럭틱 크루즈 보드게임
22,헤게모니: 당신의 사회 계층을 승리로 이끄세요,https://boardlife.co.kr/game/14443,2~4명,2,4,전략게임,8.130,https://search.shopping.naver.com/search/all?query=헤게모니: 당신의 사회 계층을 승리로 이끄세요 보드게임,https://www.google.com/search?q=헤게모니: 당신의 사회 계층을 승리로 이끄세요 보드게임
23,그랜드 오스트리아 호텔,https://boardlife.co.kr/game/5603,2~4명,2,4,전략게임,8.096,https://search.shopping.naver.com/search/all?query=그랜드 오스트리아 호텔 보드게임,https://www.google.com/search?q=그랜드 오스트리아 호텔 보드게임
24,스타워즈: 리벨리온,https://boardlife.co.kr/game/5986,2~4명,2,4,테마게임,8.095,https://search.shopping.naver.com/search/all?query=스타워즈: 리벨리온 보드게임,https://www.google.com/search?q=스타워즈: 리벨리온 보드게임
25,아그리콜라,https://boardlife.co.kr/game/561,1~5명,1,5,전략게임,8.071,https://search.shopping.naver.com/search/all?query=아그리콜라 보드게임,https://www.google.com/search?q=아그리콜라 보드게임
26,리스보아,https://boardlife.co.kr/game/5963,1~4명,1,4,전략게임,8.070,https://search.shopping.naver.com/search/all?query=리스보아 보드게임,https://www.google.com/search?q=리스보아 보드게임
27,르아브르,https://boardlife.co.kr/game/395,1~5명,1,5,전략게임,8.061,https://search.shopping.naver.com/search/all?query=르아브르 보드게임,https://www.google.com/search?q=르아브르 보드게임
28,카네기,https://boardlife.co.kr/game/13512,1~4명,1,4,전략게임,8.053,https://search.shopping.naver.com/search/all?query=카네기 보드게임,https://www.google.com/search?q=카네기 보드게임
29,오딘을 위하여,https://boardlife.co.kr/game/6550,1~4명,1,4,전략게임,8.051,https://search.shopping.naver.com/search/all?query=오딘을 위하여 보드게임,https://www.google.com/search?q=오딘을 위하여 보드게임
30,클랜 오브 칼레도니아,https://boardlife.co.kr/game/8735,1~4명,1,4,전략게임,8.042,https://search.shopping.naver.com/search/all?query=클랜 오브 칼레도니아 보드게임,https://www.google.com/search?q=클랜 오브 칼레도니아 보드게임
31,엔데버: 심해,https://boardlife.co.kr/game/17007,1~5명,1,5,전략게임,8.040,https://search.shopping.naver.com/search/all?query=엔데버: 심해 보드게임,https://www.google.com/search?q=엔데버: 심해 보드게임
32,스피크이지,https://boardlife.co.kr/game/18671,1~4명,1,4,전략게임,8.027,https://search.shopping.naver.com/search/all?query=스피크이지 보드게임,https://www.google.com/search?q=스피크이지 보드게임
33,팬데믹 레거시: 시즌 2,https://boardlife.co.kr/game/9150,2~4명,2,4,전략게임,8.019,https://search.shopping.naver.com/search/all?query=팬데믹 레거시: 시즌 2 보드게임,https://www.google.com/search?q=팬데믹 레거시: 시즌 2 보드게임
34,위대한 로렌초,https://boardlife.co.kr/game/7362,2~4명,2,4,전략게임,8.019,https://search.shopping.naver.com/search/all?query=위대한 로렌초 보드게임,https://www.google.com/search?q=위대한 로렌초 보드게임
35,촐킨: 마야의 달력,https://boardlife.co.kr/game/77,2~4명,2,4,전략게임,8.009,https://search.shopping.naver.com/search/all?query=촐킨: 마야의 달력 보드게임,https://www.google.com/search?q=촐킨: 마야의 달력 보드게임
36,갤러리스트,https://boardlife.co.kr/game/4658,1~4명,1,4,전략게임,8.005,https://search.shopping.naver.com/search/all?query=갤러리스트 보드게임,https://www.google.com/search?q=갤러리스트 보드게임
37,카베르나: 동굴 속 농부들,https://boardlife.co.kr/game/2256,1~7명,1,7,전략게임,8.005,https://search.shopping.naver.com/search/all?query=카베르나: 동굴 속 농부들 보드게임,https://www.google.com/search?q=카베르나: 동굴 속 농부들 보드게임
38,듄: 임페리움 - 봉기,https://boardlife.co.kr/game/17524,1~6명,1,6,전략게임,8.005,https://search.shopping.naver.com/search/all?query=듄: 임페리움 - 봉기 보드게임,https://www.google.com/search?q=듄: 임페리움 - 봉기 보드게임
39,여명의 제국 (4판),https://boardlife.co.kr/game/9147,3~6명,3,6,전략게임,8.000,https://search.shopping.naver.com/search/all?query=여명의 제국 (4판) 보드게임,https://www.google.com/search?q=여명의 제국 (4판) 보드게임
40,혁신의 시대,https://boardlife.co.kr/game/16927,1~5명,1,5,전략게임,8.000,https://search.shopping.naver.com/search/all?query=혁신의 시대 보드게임,https://www.google.com/search?q=혁신의 시대 보드게임
41,스페이스 크루,https://boardlife.co.kr/game/13426,2~5명,2,5,가족게임,7.998,https://search.shopping.naver.com/search/all?query=스페이스 크루 보드게임,https://www.google.com/search?q=스페이스 크루 보드게임
42,트라야누스,https://boardlife.co.kr/game/29,2~4명,2,4,전략게임,7.995,https://search.shopping.naver.com/search/all?query=트라야누스 보드게임,https://www.google.com/search?q=트라야누스 보드게임
43,스컬킹,https://boardlife.co.kr/game/4255,2~8명,2,8,가족게임,7.993,https://search.shopping.naver.com/search/all?query=스컬킹 보드게임,https://www.google.com/search?q=스컬킹 보드게임
44,사이드,https://boardlife.co.kr/game/5890,1~5명,1,5,전략게임,7.969,https://search.shopping.naver.com/search/all?query=사이드 보드게임,https://www.google.com/search?q=사이드 보드게임
45,트릭케리언: 레전드 오브 일루전,https://boardlife.co.kr/game/4701,2~4명,2,4,전략게임,7.963,https://search.shopping.naver.com/search/all?query=트릭케리언: 레전드 오브 일루전 보드게임,https://www.google.com/search?q=트릭케리언: 레전드 오브 일루전 보드게임
46,반지 전쟁 (2판),https://boardlife.co.kr/game/534,2~4명,2,4,테마게임,7.963,https://search.shopping.naver.com/search/all?query=반지 전쟁 (2판) 보드게임,https://www.google.com/search?q=반지 전쟁 (2판) 보드게임
47,오를레앙,https://boardlife.co.kr/game/4365,2~5명,2,5,전략게임,7.962,https://search.shopping.naver.com/search/all?query=오를레앙 보드게임,https://www.google.com/search?q=오를레앙 보드게임
48,시계탑에 흐른 피,https://boardlife.co.kr/game/15664,6~21명,6,21,전략게임,7.959,https://search.shopping.naver.com/search/all?query=시계탑에 흐른 피 보드게임,https://www.google.com/search?q=시계탑에 흐른 피 보드게임
49,백로성,https://boardlife.co.kr/game/17276,1~4명,1,4,전략게임,7.955,https://search.shopping.naver.com/search/all?query=백로성 보드게임,https://www.google.com/search?q=백로성 보드게임
50,에이지 오브 스팀,https://boardlife.co.kr/game/11169,1~6명,1,6,전략게임,7.951,https://search.shopping.naver.com/search/all?query=에이지 오브 스팀 보드게임,https://www.google.com/search?q=에이지 오브 스팀 보드게임
51,마작,https://boardlife.co.kr/game/3120,4명,4,4,추상게임,7.947,https://search.shopping.naver.com/search/all?query=마작 보드게임,https://www.google.com/search?q=마작 보드게임
52,비뉴스 디럭스 에디션,https://boardlife.co.kr/game/6121,1~4명,1,4,전략게임,7.944,https://search.shopping.naver.com/search/all?query=비뉴스 디럭스 에디션 보드게임,https://www.google.com/search?q=비뉴스 디럭스 에디션 보드게임
53,벚꽃 내리는 시대에 결투를,https://boardlife.co.kr/game/6954,2명,2,2,정보 없음,7.937,https://search.shopping.naver.com/search/all?query=벚꽃 내리는 시대에 결투를 보드게임,https://www.google.com/search?q=벚꽃 내리는 시대에 결투를 보드게임
54,파워 그리드,https://boardlife.co.kr/game/450,2~6명,2,6,전략게임,7.936,https://search.shopping.naver.com/search/all?query=파워 그리드 보드게임,https://www.google.com/search?q=파워 그리드 보드게임
55,인벤션: 아이디어의 진화,https://boardlife.co.kr/game/15960,1~4명,1,4,전략게임,7.929,https://search.shopping.naver.com/search/all?query=인벤션: 아이디어의 진화 보드게임,https://www.google.com/search?q=인벤션: 아이디어의 진화 보드게임
56,테라 미스티카,https://boardlife.co.kr/game/78,2~5명,2,5,전략게임,7.917,https://search.shopping.naver.com/search/all?query=테라 미스티카 보드게임,https://www.google.com/search?q=테라 미스티카 보드게임
57,뉴클리엄,https://boardlife.co.kr/game/17447,1~4명,1,4,전략게임,7.914,https://search.shopping.naver.com/search/all?query=뉴클리엄 보드게임,https://www.google.com/search?q=뉴클리엄 보드게임
58,알케미스트,https://boardlife.co.kr/game/4357,2~4명,2,4,전략게임,7.912,https://search.shopping.naver.com/search/all?query=알케미스트 보드게임,https://www.google.com/search?q=알케미스트 보드게임
59,반지의 제왕: 가운데땅에서의 대결,https://boardlife.co.kr/game/19592,2명,2,2,전략게임,7.912,https://search.shopping.naver.com/search/all?query=반지의 제왕: 가운데땅에서의 대결 보드게임,https://www.google.com/search?q=반지의 제왕: 가운데땅에서의 대결 보드게임
60,언더다크의 폭군들,https://boardlife.co.kr/game/7035,2~4명,2,4,전략게임,7.910,https://search.shopping.naver.com/search/all?query=언더다크의 폭군들 보드게임,https://www.google.com/search?q=언더다크의 폭군들 보드게임
61,안드로이드: 넷러너,https://boardlife.co.kr/game/10,2명,2,2,컬렉터블 게임,7.908,https://search.shopping.naver.com/search/all?query=안드로이드: 넷러너 보드게임,https://www.google.com/search?q=안드로이드: 넷러너 보드게임
62,니폰: 자이바츠,https://boardlife.co.kr/game/20867,1~4명,1,4,정보 없음,7.908,https://search.shopping.naver.com/search/all?query=니폰: 자이바츠 보드게임,https://www.google.com/search?q=니폰: 자이바츠 보드게임
63,그레이트 웨스턴 트레일,https://boardlife.co.kr/game/7241,2~4명,2,4,전략게임,7.904,https://search.shopping.naver.com/search/all?query=그레이트 웨스턴 트레일 보드게임,https://www.google.com/search?q=그레이트 웨스턴 트레일 보드게임
64,에이언즈 엔드,https://boardlife.co.kr/game/10647,1~4명,1,4,전략게임,7.903,https://search.shopping.naver.com/search/all?query=에이언즈 엔드 보드게임,https://www.google.com/search?q=에이언즈 엔드 보드게임
65,그레이트 웨스턴 트레일: 뉴질랜드,https://boardlife.co.kr/game/16914,1~4명,1,4,전략게임,7.900,https://search.shopping.naver.com/search/all?query=그레이트 웨스턴 트레일: 뉴질랜드 보드게임,https://www.google.com/search?q=그레이트 웨스턴 트레일: 뉴질랜드 보드게임
66,도미니언,https://boardlife.co.kr/game/591,2~4명,2,4,전략게임,7.898,https://search.shopping.naver.com/search/all?query=도미니언 보드게임,https://www.google.com/search?q=도미니언 보드게임
67,텔레스트레이션,https://boardlife.co.kr/game/969,4~8명,4,8,파티게임,7.894,https://search.shopping.naver.com/search/all?query=텔레스트레이션 보드게임,https://www.google.com/search?q=텔레스트레이션 보드게임
68,도미니언: 장막뒤의 사람들,https://boardlife.co.kr/game/2014,2~6명,2,6,전략게임,7.891,https://search.shopping.naver.com/search/all?query=도미니언: 장막뒤의 사람들 보드게임,https://www.google.com/search?q=도미니언: 장막뒤의 사람들 보드게임
69,루트,https://boardlife.co.kr/game/9450,2~4명,2,4,전략게임,7.874,https://search.shopping.naver.com/search/all?query=루트 보드게임,https://www.google.com/search?q=루트 보드게임
70,라스베가스,https://boardlife.co.kr/game/682,2~5명,2,5,가족게임,7.873,https://search.shopping.naver.com/search/all?query=라스베가스 보드게임,https://www.google.com/search?q=라스베가스 보드게임
71,마르코 폴로,https://boardlife.co.kr/game/4681,2~4명,2,4,전략게임,7.871,https://search.shopping.naver.com/search/all?query=마르코 폴로 보드게임,https://www.google.com/search?q=마르코 폴로 보드게임
72,스카이 팀,https://boardlife.co.kr/game/17089,2명,2,2,가족게임,7.866,https://search.shopping.naver.com/search/all?query=스카이 팀 보드게임,https://www.google.com/search?q=스카이 팀 보드게임
73,듄: 임페리움,https://boardlife.co.kr/game/13486,1~4명,1,4,전략게임,7.864,https://search.shopping.naver.com/search/all?query=듄: 임페리움 보드게임,https://www.google.com/search?q=듄: 임페리움 보드게임
74,테오티우아칸: 신들의 도시,https://boardlife.co.kr/game/9757,1~4명,1,4,전략게임,7.863,https://search.shopping.naver.com/search/all?query=테오티우아칸: 신들의 도시 보드게임,https://www.google.com/search?q=테오티우아칸: 신들의 도시 보드게임
75,그레이트 웨스턴 트레일 (2판),https://boardlife.co.kr/game/14977,1~4명,1,4,전략게임,7.851,https://search.shopping.naver.com/search/all?query=그레이트 웨스턴 트레일 (2판) 보드게임,https://www.google.com/search?q=그레이트 웨스턴 트레일 (2판) 보드게임
76,케일러스,https://boardlife.co.kr/game/238,2~5명,2,5,전략게임,7.849,https://search.shopping.naver.com/search/all?query=케일러스 보드게임,https://www.google.com/search?q=케일러스 보드게임
77,반지의 제왕: 가운데땅 여정,https://boardlife.co.kr/game/10793,1~5명,1,5,테마게임,7.846,https://search.shopping.naver.com/search/all?query=반지의 제왕: 가운데땅 여정 보드게임,https://www.google.com/search?q=반지의 제왕: 가운데땅 여정 보드게임
78,행성 X를 찾아서,https://boardlife.co.kr/game/13332,1~4명,1,4,전략게임,7.845,https://search.shopping.naver.com/search/all?query=행성 X를 찾아서 보드게임,https://www.google.com/search?q=행성 X를 찾아서 보드게임
79,요코하마,https://boardlife.co.kr/game/6941,2~4명,2,4,전략게임,7.843,https://search.shopping.naver.com/search/all?query=요코하마 보드게임,https://www.google.com/search?q=요코하마 보드게임
80,글룸헤이븐: 사자의 턱,https://boardlife.co.kr/game/12900,1~4명,1,4,전략게임,7.837,https://search.shopping.naver.com/search/all?query=글룸헤이븐: 사자의 턱 보드게임,https://www.google.com/search?q=글룸헤이븐: 사자의 턱 보드게임
81,티츄,https://boardlife.co.kr/game/478,4명,4,4,전략게임,7.836,https://search.shopping.naver.com/search/all?query=티츄 보드게임,https://www.google.com/search?q=티츄 보드게임
82,섀클턴 베이스,https://boardlife.co.kr/game/20025,1~4명,1,4,전략게임,7.836,https://search.shopping.naver.com/search/all?query=섀클턴 베이스 보드게임,https://www.google.com/search?q=섀클턴 베이스 보드게임
83,푸드 체인 거물,https://boardlife.co.kr/game/5712,2~5명,2,5,전략게임,7.833,https://search.shopping.naver.com/search/all?query=푸드 체인 거물 보드게임,https://www.google.com/search?q=푸드 체인 거물 보드게임
84,팬데믹 레거시: 시즌 0,https://boardlife.co.kr/game/13425,2~4명,2,4,전략게임,7.833,https://search.shopping.naver.com/search/all?query=팬데믹 레거시: 시즌 0 보드게임,https://www.google.com/search?q=팬데믹 레거시: 시즌 0 보드게임
85,레지스탕스: 아발론,https://boardlife.co.kr/game/523,5~10명,5,10,파티게임,7.826,https://search.shopping.naver.com/search/all?query=레지스탕스: 아발론 보드게임,https://www.google.com/search?q=레지스탕스: 아발론 보드게임
86,딥 씨 크루,https://boardlife.co.kr/game/14167,2~5명,2,5,전략게임,7.815,https://search.shopping.naver.com/search/all?query=딥 씨 크루 보드게임,https://www.google.com/search?q=딥 씨 크루 보드게임
87,도미넌트 스피시즈,https://boardlife.co.kr/game/174,2~6명,2,6,전략게임,7.814,https://search.shopping.naver.com/search/all?query=도미넌트 스피시즈 보드게임,https://www.google.com/search?q=도미넌트 스피시즈 보드게임
88,온 마스,https://boardlife.co.kr/game/9814,1~4명,1,4,전략게임,7.807,https://search.shopping.naver.com/search/all?query=온 마스 보드게임,https://www.google.com/search?q=온 마스 보드게임
89,서부 탐험대,https://boardlife.co.kr/game/19507,1~4명,1,4,정보 없음,7.802,https://search.shopping.naver.com/search/all?query=서부 탐험대 보드게임,https://www.google.com/search?q=서부 탐험대 보드게임
90,네메시스,https://boardlife.co.kr/game/9909,1~5명,1,5,테마게임,7.792,https://search.shopping.naver.com/search/all?query=네메시스 보드게임,https://www.google.com/search?q=네메시스 보드게임
91,러시안 레일로드,https://boardlife.co.kr/game/2502,2~4명,2,4,전략게임,7.792,https://search.shopping.naver.com/search/all?query=러시안 레일로드 보드게임,https://www.google.com/search?q=러시안 레일로드 보드게임
92,다윈의 여정,https://boardlife.co.kr/game/14064,1~4명,1,4,전략게임,7.788,https://search.shopping.naver.com/search/all?query=다윈의 여정 보드게임,https://www.google.com/search?q=다윈의 여정 보드게임
93,마블 챔피언스: 카드 게임,https://boardlife.co.kr/game/11763,1~4명,1,4,컬렉터블 게임,7.784,https://search.shopping.naver.com/search/all?query=마블 챔피언스: 카드 게임 보드게임,https://www.google.com/search?q=마블 챔피언스: 카드 게임 보드게임
94,남티그리스의 학자,https://boardlife.co.kr/game/16753,1~4명,1,4,전략게임,7.779,https://search.shopping.naver.com/search/all?query=남티그리스의 학자 보드게임,https://www.google.com/search?q=남티그리스의 학자 보드게임
95,콩코르디아,https://boardlife.co.kr/game/2501,2~5명,2,5,전략게임,7.778,https://search.shopping.naver.com/search/all?query=콩코르디아 보드게임,https://www.google.com/search?q=콩코르디아 보드게임
96,언더워터 시티즈,https://boardlife.co.kr/game/9830,1~4명,1,4,전략게임,7.778,https://search.shopping.naver.com/search/all?query=언더워터 시티즈 보드게임,https://www.google.com/search?q=언더워터 시티즈 보드게임
97,엘드리치 호러,https://boardlife.co.kr/game/2528,1~8명,1,8,테마게임,7.778,https://search.shopping.naver.com/search/all?query=엘드리치 호러 보드게임,https://www.google.com/search?q=엘드리치 호러 보드게임
98,봄버스터즈,https://boardlife.co.kr/game/19722,2~5명,2,5,가족게임,7.777,https://search.shopping.naver.com/search/all?query=봄버스터즈 보드게임,https://www.google.com/search?q=봄버스터즈 보드게임
99,이클립스: 두 번째 여명,https://boardlife.co.kr/game/13424,2~6명,2,6,전략게임,7.774,https://search.shopping.naver.com/search/all?query=이클립스: 두 번째 여명 보드게임,https://www.google.com/search?q=이클립스: 두 번째 여명 보드게임
100,전지적 추리 시점,https://boardlife.co.kr/game/18328,2~6명,2,6,정보 없음,7.768,https://search.shopping.naver.com/search/all?query=전지적 추리 시점 보드게임,https://www.google.com/search?q=전지적 추리 시점 보드게임
101,에이언즈 엔드: 디센트,https://boardlife.co.kr/game/6813,1~4명,1,4,전략게임,7.764,https://search.shopping.naver.com/search/all?query=에이언즈 엔드: 디센트 보드게임,https://www.google.com/search?q=에이언즈 엔드: 디센트 보드게임
102,크립티드,https://boardlife.co.kr/game/10259,3~5명,3,5,전략게임,7.756,https://search.shopping.naver.com/search/all?query=크립티드 보드게임,https://www.google.com/search?q=크립티드 보드게임
103,투 매니 본즈,https://boardlife.co.kr/game/6552,1~4명,1,4,전략게임,7.753,https://search.shopping.naver.com/search/all?query=투 매니 본즈 보드게임,https://www.google.com/search?q=투 매니 본즈 보드게임
104,매직 더 개더링,https://boardlife.co.kr/game/4381,2~0명,2,0,컬렉터블 게임,7.750,https://search.shopping.naver.com/search/all?query=매직 더 개더링 보드게임,https://www.google.com/search?q=매직 더 개더링 보드게임
105,광기의 저택 (2판),https://boardlife.co.kr/game/7212,1~5명,1,5,테마게임,7.749,https://search.shopping.naver.com/search/all?query=광기의 저택 (2판) 보드게임,https://www.google.com/search?q=광기의 저택 (2판) 보드게임
106,뤄양의 사람들,https://boardlife.co.kr/game/440,1~4명,1,4,전략게임,7.748,https://search.shopping.naver.com/search/all?query=뤄양의 사람들 보드게임,https://www.google.com/search?q=뤄양의 사람들 보드게임
107,원드러스 크리처,https://boardlife.co.kr/game/18143,1~4명,1,4,전략게임,7.747,https://search.shopping.naver.com/search/all?query=원드러스 크리처 보드게임,https://www.google.com/search?q=원드러스 크리처 보드게임
108,시볼루션,https://boardlife.co.kr/game/17689,1~4명,1,4,전략게임,7.747,https://search.shopping.naver.com/search/all?query=시볼루션 보드게임,https://www.google.com/search?q=시볼루션 보드게임
109,모던아트,https://boardlife.co.kr/game/883,3~5명,3,5,전략게임,7.744,https://search.shopping.naver.com/search/all?query=모던아트 보드게임,https://www.google.com/search?q=모던아트 보드게임
110,다섯 부족: 나칼라의 정령들,https://boardlife.co.kr/game/3954,2~4명,2,4,전략게임,7.744,https://search.shopping.naver.com/search/all?query=다섯 부족: 나칼라의 정령들 보드게임,https://www.google.com/search?q=다섯 부족: 나칼라의 정령들 보드게임
111,비티컬처 에센셜 에디션,https://boardlife.co.kr/game/6353,1~6명,1,6,전략게임,7.740,https://search.shopping.naver.com/search/all?query=비티컬처 에센셜 에디션 보드게임,https://www.google.com/search?q=비티컬처 에센셜 에디션 보드게임
112,스플렌더,https://boardlife.co.kr/game/3516,2~4명,2,4,가족게임,7.740,https://search.shopping.naver.com/search/all?query=스플렌더 보드게임,https://www.google.com/search?q=스플렌더 보드게임
113,아나크로니,https://boardlife.co.kr/game/6891,1~4명,1,4,전략게임,7.739,https://search.shopping.naver.com/search/all?query=아나크로니 보드게임,https://www.google.com/search?q=아나크로니 보드게임
114,마라카이보,https://boardlife.co.kr/game/11849,1~4명,1,4,전략게임,7.739,https://search.shopping.naver.com/search/all?query=마라카이보 보드게임,https://www.google.com/search?q=마라카이보 보드게임
115,왕좌의 게임 (2판),https://boardlife.co.kr/game/812,3~6명,3,6,전략게임,7.736,https://search.shopping.naver.com/search/all?query=왕좌의 게임 (2판) 보드게임,https://www.google.com/search?q=왕좌의 게임 (2판) 보드게임
116,모던아트,https://boardlife.co.kr/game/9406,3~5명,3,5,전략게임,7.735,https://search.shopping.naver.com/search/all?query=모던아트 보드게임,https://www.google.com/search?q=모던아트 보드게임
117,마르코 폴로 2: 위대한 칸의 이름으로,https://boardlife.co.kr/game/11939,2~4명,2,4,전략게임,7.735,https://search.shopping.naver.com/search/all?query=마르코 폴로 2: 위대한 칸의 이름으로 보드게임,https://www.google.com/search?q=마르코 폴로 2: 위대한 칸의 이름으로 보드게임
118,캐스캐디아,https://boardlife.co.kr/game/13348,1~4명,1,4,추상게임,7.728,https://search.shopping.naver.com/search/all?query=캐스캐디아 보드게임,https://www.google.com/search?q=캐스캐디아 보드게임
119,크로키놀,https://boardlife.co.kr/game/2443,2~4명,2,4,가족게임,7.714,https://search.shopping.naver.com/search/all?query=크로키놀 보드게임,https://www.google.com/search?q=크로키놀 보드게임
120,태그 팀,https://boardlife.co.kr/game/21426,2명,2,2,정보 없음,7.713,https://search.shopping.naver.com/search/all?query=태그 팀 보드게임,https://www.google.com/search?q=태그 팀 보드게임
121,빌리지,https://boardlife.co.kr/game/565,2~4명,2,4,전략게임,7.709,https://search.shopping.naver.com/search/all?query=빌리지 보드게임,https://www.google.com/search?q=빌리지 보드게임
122,워 체스트,https://boardlife.co.kr/game/9918,2~4명,2,4,추상게임,7.708,https://search.shopping.naver.com/search/all?query=워 체스트 보드게임,https://www.google.com/search?q=워 체스트 보드게임
123,태양신 라,https://boardlife.co.kr/game/13750,2~5명,2,5,전략게임,7.707,https://search.shopping.naver.com/search/all?query=태양신 라 보드게임,https://www.google.com/search?q=태양신 라 보드게임
124,윙스팬,https://boardlife.co.kr/game/10661,1~5명,1,5,전략게임,7.705,https://search.shopping.naver.com/search/all?query=윙스팬 보드게임,https://www.google.com/search?q=윙스팬 보드게임
125,하트 오브 크라운,https://boardlife.co.kr/game/3163,2~4명,2,4,전략게임,7.698,https://search.shopping.naver.com/search/all?query=하트 오브 크라운 보드게임,https://www.google.com/search?q=하트 오브 크라운 보드게임
126,크툴루: 죽음마저 죽으리니,https://boardlife.co.kr/game/10012,1~5명,1,5,테마게임,7.697,https://search.shopping.naver.com/search/all?query=크툴루: 죽음마저 죽으리니 보드게임,https://www.google.com/search?q=크툴루: 죽음마저 죽으리니 보드게임
127,로빈슨 크루소: 저주받은 섬에서의 모험,https://boardlife.co.kr/game/932,1~4명,1,4,테마게임,7.695,https://search.shopping.naver.com/search/all?query=로빈슨 크루소: 저주받은 섬에서의 모험 보드게임,https://www.google.com/search?q=로빈슨 크루소: 저주받은 섬에서의 모험 보드게임
128,클랭크!: 카타콤,https://boardlife.co.kr/game/15752,2~4명,2,4,전략게임,7.695,https://search.shopping.naver.com/search/all?query=클랭크!: 카타콤 보드게임,https://www.google.com/search?q=클랭크!: 카타콤 보드게임
129,트루아,https://boardlife.co.kr/game/175,1~4명,1,4,전략게임,7.693,https://search.shopping.naver.com/search/all?query=트루아 보드게임,https://www.google.com/search?q=트루아 보드게임
130,하모니즈,https://boardlife.co.kr/game/19124,1~4명,1,4,추상게임,7.686,https://search.shopping.naver.com/search/all?query=하모니즈 보드게임,https://www.google.com/search?q=하모니즈 보드게임
131,1862: 이스턴 카운티에 불어온 철도 열풍,https://boardlife.co.kr/game/5243,1~8명,1,8,전략게임,7.686,https://search.shopping.naver.com/search/all?query=1862: 이스턴 카운티에 불어온 철도 열풍 보드게임,https://www.google.com/search?q=1862: 이스턴 카운티에 불어온 철도 열풍 보드게임
132,패스 오브 글로리,https://boardlife.co.kr/game/226,2명,2,2,워게임,7.686,https://search.shopping.naver.com/search/all?query=패스 오브 글로리 보드게임,https://www.google.com/search?q=패스 오브 글로리 보드게임
133,이클립스: 은하의 새로운 여명,https://boardlife.co.kr/game/599,2~6명,2,6,전략게임,7.685,https://search.shopping.naver.com/search/all?query=이클립스: 은하의 새로운 여명 보드게임,https://www.google.com/search?q=이클립스: 은하의 새로운 여명 보드게임
134,마라케시,https://boardlife.co.kr/game/15894,2~4명,2,4,전략게임,7.684,https://search.shopping.naver.com/search/all?query=마라케시 보드게임,https://www.google.com/search?q=마라케시 보드게임
135,에이언즈 엔드: 레거시,https://boardlife.co.kr/game/10656,1~4명,1,4,전략게임,7.684,https://search.shopping.naver.com/search/all?query=에이언즈 엔드: 레거시 보드게임,https://www.google.com/search?q=에이언즈 엔드: 레거시 보드게임
136,스플렌더 대결,https://boardlife.co.kr/game/15883,2명,2,2,전략게임,7.683,https://search.shopping.naver.com/search/all?query=스플렌더 대결 보드게임,https://www.google.com/search?q=스플렌더 대결 보드게임
137,태양신 라,https://boardlife.co.kr/game/5481,2~5명,2,5,전략게임,7.682,https://search.shopping.naver.com/search/all?query=태양신 라 보드게임,https://www.google.com/search?q=태양신 라 보드게임
138,아컴 호러: 카드 게임 (개정판),https://boardlife.co.kr/game/15832,1~4명,1,4,컬렉터블 게임,7.681,https://search.shopping.naver.com/search/all?query=아컴 호러: 카드 게임 (개정판) 보드게임,https://www.google.com/search?q=아컴 호러: 카드 게임 (개정판) 보드게임
139,디센트: 어둠속의 여정 (2판),https://boardlife.co.kr/game/816,1~5명,1,5,테마게임,7.671,https://search.shopping.naver.com/search/all?query=디센트: 어둠속의 여정 (2판) 보드게임,https://www.google.com/search?q=디센트: 어둠속의 여정 (2판) 보드게임
140,블랙 프라이데이,https://boardlife.co.kr/game/17567,2~5명,2,5,정보 없음,7.668,https://search.shopping.naver.com/search/all?query=블랙 프라이데이 보드게임,https://www.google.com/search?q=블랙 프라이데이 보드게임
141,티칼,https://boardlife.co.kr/game/116,2~4명,2,4,전략게임,7.667,https://search.shopping.naver.com/search/all?query=티칼 보드게임,https://www.google.com/search?q=티칼 보드게임
142,에버델,https://boardlife.co.kr/game/9608,1~4명,1,4,전략게임,7.663,https://search.shopping.naver.com/search/all?query=에버델 보드게임,https://www.google.com/search?q=에버델 보드게임
143,갱스터,https://boardlife.co.kr/game/19315,3~6명,3,6,가족게임,7.656,https://search.shopping.naver.com/search/all?query=갱스터 보드게임,https://www.google.com/search?q=갱스터 보드게임
144,네비가도르,https://boardlife.co.kr/game/396,2~5명,2,5,전략게임,7.655,https://search.shopping.naver.com/search/all?query=네비가도르 보드게임,https://www.google.com/search?q=네비가도르 보드게임
145,7 원더스,https://boardlife.co.kr/game/94,2~7명,2,7,전략게임,7.653,https://search.shopping.naver.com/search/all?query=7 원더스 보드게임,https://www.google.com/search?q=7 원더스 보드게임
146,멘 네페르,https://boardlife.co.kr/game/20042,1~4명,1,4,전략게임,7.652,https://search.shopping.naver.com/search/all?query=멘 네페르 보드게임,https://www.google.com/search?q=멘 네페르 보드게임
147,에이언즈 엔드: 영원한 전쟁,https://boardlife.co.kr/game/9384,1~4명,1,4,전략게임,7.651,https://search.shopping.naver.com/search/all?query=에이언즈 엔드: 영원한 전쟁 보드게임,https://www.google.com/search?q=에이언즈 엔드: 영원한 전쟁 보드게임
148,블랙 프라이데이,https://boardlife.co.kr/game/2142,2~5명,2,5,전략게임,7.650,https://search.shopping.naver.com/search/all?query=블랙 프라이데이 보드게임,https://www.google.com/search?q=블랙 프라이데이 보드게임
149,워터게이트,https://boardlife.co.kr/game/11586,2명,2,2,전략게임,7.647,https://search.shopping.naver.com/search/all?query=워터게이트 보드게임,https://www.google.com/search?q=워터게이트 보드게임
150,파워 그리드 디럭스: 유럽/북 아메리카,https://boardlife.co.kr/game/4281,2~6명,2,6,전략게임,7.647,https://search.shopping.naver.com/search/all?query=파워 그리드 디럭스: 유럽/북 아메리카 보드게임,https://www.google.com/search?q=파워 그리드 디럭스: 유럽/북 아메리카 보드게임
151,네이션스,https://boardlife.co.kr/game/2542,1~5명,1,5,전략게임,7.646,https://search.shopping.naver.com/search/all?query=네이션스 보드게임,https://www.google.com/search?q=네이션스 보드게임
152,반지의 제왕: 대결,https://boardlife.co.kr/game/876,2명,2,2,전략게임,7.642,https://search.shopping.naver.com/search/all?query=반지의 제왕: 대결 보드게임,https://www.google.com/search?q=반지의 제왕: 대결 보드게임
153,상트 페테르부르크 (2판),https://boardlife.co.kr/game/4438,2~5명,2,5,전략게임,7.641,https://search.shopping.naver.com/search/all?query=상트 페테르부르크 (2판) 보드게임,https://www.google.com/search?q=상트 페테르부르크 (2판) 보드게임
154,반지의 제왕: 원정대의 운명,https://boardlife.co.kr/game/21006,1~5명,1,5,테마게임,7.639,https://search.shopping.naver.com/search/all?query=반지의 제왕: 원정대의 운명 보드게임,https://www.google.com/search?q=반지의 제왕: 원정대의 운명 보드게임
155,슬리핑 갓즈,https://boardlife.co.kr/game/10833,1~4명,1,4,테마게임,7.636,https://search.shopping.naver.com/search/all?query=슬리핑 갓즈 보드게임,https://www.google.com/search?q=슬리핑 갓즈 보드게임
156,카르디아,https://boardlife.co.kr/game/21189,2명,2,2,전략게임,7.635,https://search.shopping.naver.com/search/all?query=카르디아 보드게임,https://www.google.com/search?q=카르디아 보드게임
157,엘더베일의 거처,https://boardlife.co.kr/game/12243,1~5명,1,5,전략게임,7.633,https://search.shopping.naver.com/search/all?query=엘더베일의 거처 보드게임,https://www.google.com/search?q=엘더베일의 거처 보드게임
158,기도하고 일하라,https://boardlife.co.kr/game/258,1~4명,1,4,전략게임,7.632,https://search.shopping.naver.com/search/all?query=기도하고 일하라 보드게임,https://www.google.com/search?q=기도하고 일하라 보드게임
159,카르카손,https://boardlife.co.kr/game/135,2~5명,2,5,가족게임,7.629,https://search.shopping.naver.com/search/all?query=카르카손 보드게임,https://www.google.com/search?q=카르카손 보드게임
160,원더랜드 워,https://boardlife.co.kr/game/14406,2~5명,2,5,전략게임,7.628,https://search.shopping.naver.com/search/all?query=원더랜드 워 보드게임,https://www.google.com/search?q=원더랜드 워 보드게임
161,인쉬,https://boardlife.co.kr/game/577,2명,2,2,추상게임,7.623,https://search.shopping.naver.com/search/all?query=인쉬 보드게임,https://www.google.com/search?q=인쉬 보드게임
162,티켓 투 라이드: 유럽,https://boardlife.co.kr/game/178,2~5명,2,5,가족게임,7.623,https://search.shopping.naver.com/search/all?query=티켓 투 라이드: 유럽 보드게임,https://www.google.com/search?q=티켓 투 라이드: 유럽 보드게임
163,크베들린부르크의 돌팔이 약장수,https://boardlife.co.kr/game/9737,2~4명,2,4,가족게임,7.621,https://search.shopping.naver.com/search/all?query=크베들린부르크의 돌팔이 약장수 보드게임,https://www.google.com/search?q=크베들린부르크의 돌팔이 약장수 보드게임
164,코드네임,https://boardlife.co.kr/game/5516,2~8명,2,8,파티게임,7.620,https://search.shopping.naver.com/search/all?query=코드네임 보드게임,https://www.google.com/search?q=코드네임 보드게임
165,태양 너머로,https://boardlife.co.kr/game/13259,2~4명,2,4,전략게임,7.619,https://search.shopping.naver.com/search/all?query=태양 너머로 보드게임,https://www.google.com/search?q=태양 너머로 보드게임
166,디스 워 오브 마인: 보드게임,https://boardlife.co.kr/game/6676,1~6명,1,6,테마게임,7.618,https://search.shopping.naver.com/search/all?query=디스 워 오브 마인: 보드게임 보드게임,https://www.google.com/search?q=디스 워 오브 마인: 보드게임 보드게임
167,사무라이,https://boardlife.co.kr/game/5270,2~4명,2,4,전략게임,7.616,https://search.shopping.naver.com/search/all?query=사무라이 보드게임,https://www.google.com/search?q=사무라이 보드게임
168,엘 그란데,https://boardlife.co.kr/game/221,2~5명,2,5,전략게임,7.615,https://search.shopping.naver.com/search/all?query=엘 그란데 보드게임,https://www.google.com/search?q=엘 그란데 보드게임
169,테러스케이프,https://boardlife.co.kr/game/16946,2~4명,2,4,테마게임,7.615,https://search.shopping.naver.com/search/all?query=테러스케이프 보드게임,https://www.google.com/search?q=테러스케이프 보드게임
170,캐슬 콤보,https://boardlife.co.kr/game/19937,2~5명,2,5,가족게임,7.615,https://search.shopping.naver.com/search/all?query=캐슬 콤보 보드게임,https://www.google.com/search?q=캐슬 콤보 보드게임
171,전국: 첫 번째 제국,https://boardlife.co.kr/game/17373,1~4명,1,4,전략게임,7.615,https://search.shopping.naver.com/search/all?query=전국: 첫 번째 제국 보드게임,https://www.google.com/search?q=전국: 첫 번째 제국 보드게임
172,디크립토,https://boardlife.co.kr/game/9772,3~8명,3,8,파티게임,7.607,https://search.shopping.naver.com/search/all?query=디크립토 보드게임,https://www.google.com/search?q=디크립토 보드게임
173,킵 더 히어로즈 아웃!,https://boardlife.co.kr/game/15210,1~4명,1,4,테마게임,7.605,https://search.shopping.naver.com/search/all?query=킵 더 히어로즈 아웃! 보드게임,https://www.google.com/search?q=킵 더 히어로즈 아웃! 보드게임
174,히트: 질주의 열기,https://boardlife.co.kr/game/15778,1~6명,1,6,가족게임,7.604,https://search.shopping.naver.com/search/all?query=히트: 질주의 열기 보드게임,https://www.google.com/search?q=히트: 질주의 열기 보드게임
175,테인티드 그레일: 아발론의 몰락,https://boardlife.co.kr/game/10349,1~4명,1,4,테마게임,7.602,https://search.shopping.naver.com/search/all?query=테인티드 그레일: 아발론의 몰락 보드게임,https://www.google.com/search?q=테인티드 그레일: 아발론의 몰락 보드게임
176,서버비아 콜렉터스 에디션,https://boardlife.co.kr/game/10810,1~5명,1,5,전략게임,7.601,https://search.shopping.naver.com/search/all?query=서버비아 콜렉터스 에디션 보드게임,https://www.google.com/search?q=서버비아 콜렉터스 에디션 보드게임
177,키플라워,https://boardlife.co.kr/game/83,2~6명,2,6,전략게임,7.600,https://search.shopping.naver.com/search/all?query=키플라워 보드게임,https://www.google.com/search?q=키플라워 보드게임
178,스카우트,https://boardlife.co.kr/game/12169,2~5명,2,5,가족게임,7.597,https://search.shopping.naver.com/search/all?query=스카우트 보드게임,https://www.google.com/search?q=스카우트 보드게임
179,레이스 포 더 갤럭시,https://boardlife.co.kr/game/809,2~4명,2,4,전략게임,7.591,https://search.shopping.naver.com/search/all?query=레이스 포 더 갤럭시 보드게임,https://www.google.com/search?q=레이스 포 더 갤럭시 보드게임
180,언락 5,https://boardlife.co.kr/game/11647,1~6명,1,6,테마게임,7.588,https://search.shopping.naver.com/search/all?query=언락 5 보드게임,https://www.google.com/search?q=언락 5 보드게임
181,고아,https://boardlife.co.kr/game/817,2~4명,2,4,전략게임,7.586,https://search.shopping.naver.com/search/all?query=고아 보드게임,https://www.google.com/search?q=고아 보드게임
182,리바이브,https://boardlife.co.kr/game/15776,1~4명,1,4,전략게임,7.584,https://search.shopping.naver.com/search/all?query=리바이브 보드게임,https://www.google.com/search?q=리바이브 보드게임
183,워터딥의 군주들,https://boardlife.co.kr/game/566,2~5명,2,5,전략게임,7.575,https://search.shopping.naver.com/search/all?query=워터딥의 군주들 보드게임,https://www.google.com/search?q=워터딥의 군주들 보드게임
184,슬레이 더 스파이어,https://boardlife.co.kr/game/16124,1~4명,1,4,전략게임,7.575,https://search.shopping.naver.com/search/all?query=슬레이 더 스파이어 보드게임,https://www.google.com/search?q=슬레이 더 스파이어 보드게임
185,언락 1,https://boardlife.co.kr/game/7929,2~6명,2,6,테마게임,7.574,https://search.shopping.naver.com/search/all?query=언락 1 보드게임,https://www.google.com/search?q=언락 1 보드게임
186,광기의 저택,https://boardlife.co.kr/game/414,2~5명,2,5,테마게임,7.574,https://search.shopping.naver.com/search/all?query=광기의 저택 보드게임,https://www.google.com/search?q=광기의 저택 보드게임
187,프로스트헤이븐,https://boardlife.co.kr/game/14405,1~4명,1,4,전략게임,7.573,https://search.shopping.naver.com/search/all?query=프로스트헤이븐 보드게임,https://www.google.com/search?q=프로스트헤이븐 보드게임
188,1830: 철도 회사와 강도남작,https://boardlife.co.kr/game/553,2~7명,2,7,전략게임,7.573,https://search.shopping.naver.com/search/all?query=1830: 철도 회사와 강도남작 보드게임,https://www.google.com/search?q=1830: 철도 회사와 강도남작 보드게임
189,보이드폴,https://boardlife.co.kr/game/14527,1~4명,1,4,전략게임,7.571,https://search.shopping.naver.com/search/all?query=보이드폴 보드게임,https://www.google.com/search?q=보이드폴 보드게임
190,베일 오브 이터니티,https://boardlife.co.kr/game/17540,2~4명,2,4,전략게임,7.569,https://search.shopping.naver.com/search/all?query=베일 오브 이터니티 보드게임,https://www.google.com/search?q=베일 오브 이터니티 보드게임
191,천국과 맥주,https://boardlife.co.kr/game/8947,2~4명,2,4,전략게임,7.568,https://search.shopping.naver.com/search/all?query=천국과 맥주 보드게임,https://www.google.com/search?q=천국과 맥주 보드게임
192,칸반: 오토모티브 레볼루션,https://boardlife.co.kr/game/3640,2~4명,2,4,전략게임,7.568,https://search.shopping.naver.com/search/all?query=칸반: 오토모티브 레볼루션 보드게임,https://www.google.com/search?q=칸반: 오토모티브 레볼루션 보드게임
193,한자 토이토니카,https://boardlife.co.kr/game/375,2~5명,2,5,전략게임,7.566,https://search.shopping.naver.com/search/all?query=한자 토이토니카 보드게임,https://www.google.com/search?q=한자 토이토니카 보드게임
194,저스트 원,https://boardlife.co.kr/game/10362,3~7명,3,7,파티게임,7.563,https://search.shopping.naver.com/search/all?query=저스트 원 보드게임,https://www.google.com/search?q=저스트 원 보드게임
195,데드 오브 윈터: 크로스로드 게임,https://boardlife.co.kr/game/3508,2~5명,2,5,테마게임,7.561,https://search.shopping.naver.com/search/all?query=데드 오브 윈터: 크로스로드 게임 보드게임,https://www.google.com/search?q=데드 오브 윈터: 크로스로드 게임 보드게임
196,업세션,https://boardlife.co.kr/game/11808,1~4명,1,4,전략게임,7.558,https://search.shopping.naver.com/search/all?query=업세션 보드게임,https://www.google.com/search?q=업세션 보드게임
197,미스터리 파티 시리즈 : 몇 번이고 푸른 달에 불을 붙였다,https://boardlife.co.kr/game/12224,6~7명,6,7,정보 없음,7.553,https://search.shopping.naver.com/search/all?query=미스터리 파티 시리즈 : 몇 번이고 푸른 달에 불을 붙였다 보드게임,https://www.google.com/search?q=미스터리 파티 시리즈 : 몇 번이고 푸른 달에 불을 붙였다 보드게임
198,디셉션: 홍콩 살인사건,https://boardlife.co.kr/game/5352,4~12명,4,12,파티게임,7.550,https://search.shopping.naver.com/search/all?query=디셉션: 홍콩 살인사건 보드게임,https://www.google.com/search?q=디셉션: 홍콩 살인사건 보드게임
199,상트페테르부르크,https://boardlife.co.kr/game/416,2~4명,2,4,전략게임,7.549,https://search.shopping.naver.com/search/all?query=상트페테르부르크 보드게임,https://www.google.com/search?q=상트페테르부르크 보드게임
200,라 그랑하,https://boardlife.co.kr/game/4065,1~4명,1,4,전략게임,7.548,https://search.shopping.naver.com/search/all?query=라 그랑하 보드게임,https://www.google.com/search?q=라 그랑하 보드게임
201,스탁파일,https://boardlife.co.kr/game/5588,2~5명,2,5,전략게임,7.546,https://search.shopping.naver.com/search/all?query=스탁파일 보드게임,https://www.google.com/search?q=스탁파일 보드게임
202,티그리스 앤 유프라테스,https://boardlife.co.kr/game/448,2~4명,2,4,전략게임,7.546,https://search.shopping.naver.com/search/all?query=티그리스 앤 유프라테스 보드게임,https://www.google.com/search?q=티그리스 앤 유프라테스 보드게임
203,야단법석 달리기,https://boardlife.co.kr/game/21287,2~6명,2,6,가족게임,7.544,https://search.shopping.naver.com/search/all?query=야단법석 달리기 보드게임,https://www.google.com/search?q=야단법석 달리기 보드게임
204,서버비아,https://boardlife.co.kr/game/583,1~4명,1,4,전략게임,7.544,https://search.shopping.naver.com/search/all?query=서버비아 보드게임,https://www.google.com/search?q=서버비아 보드게임
205,브룸 서비스,https://boardlife.co.kr/game/4680,2~5명,2,5,전략게임,7.542,https://search.shopping.naver.com/search/all?query=브룸 서비스 보드게임,https://www.google.com/search?q=브룸 서비스 보드게임
206,세키가하라: 일본의 통일,https://boardlife.co.kr/game/977,2명,2,2,워게임,7.540,https://search.shopping.naver.com/search/all?query=세키가하라: 일본의 통일 보드게임,https://www.google.com/search?q=세키가하라: 일본의 통일 보드게임
207,패스파인더 어드벤처 카드 게임: 룬로드의 부활 - 베이스 세트,https://boardlife.co.kr/game/2248,1~4명,1,4,테마게임,7.539,https://search.shopping.naver.com/search/all?query=패스파인더 어드벤처 카드 게임: 룬로드의 부활 - 베이스 세트 보드게임,https://www.google.com/search?q=패스파인더 어드벤처 카드 게임: 룬로드의 부활 - 베이스 세트 보드게임
208,카탄의 개척자,https://boardlife.co.kr/game/274,3~4명,3,4,전략게임,7.539,https://search.shopping.naver.com/search/all?query=카탄의 개척자 보드게임,https://www.google.com/search?q=카탄의 개척자 보드게임
209,몸바사,https://boardlife.co.kr/game/5657,2~4명,2,4,전략게임,7.538,https://search.shopping.naver.com/search/all?query=몸바사 보드게임,https://www.google.com/search?q=몸바사 보드게임
210,해녀,https://boardlife.co.kr/game/22056,2~5명,2,5,정보 없음,7.538,https://search.shopping.naver.com/search/all?query=해녀 보드게임,https://www.google.com/search?q=해녀 보드게임
211,스타 렐름,https://boardlife.co.kr/game/3779,2명,2,2,전략게임,7.535,https://search.shopping.naver.com/search/all?query=스타 렐름 보드게임,https://www.google.com/search?q=스타 렐름 보드게임
212,엔데버: 대항해시대,https://boardlife.co.kr/game/9992,2~5명,2,5,전략게임,7.533,https://search.shopping.naver.com/search/all?query=엔데버: 대항해시대 보드게임,https://www.google.com/search?q=엔데버: 대항해시대 보드게임
213,서쪽 왕국의 성기사,https://boardlife.co.kr/game/10619,1~4명,1,4,전략게임,7.529,https://search.shopping.naver.com/search/all?query=서쪽 왕국의 성기사 보드게임,https://www.google.com/search?q=서쪽 왕국의 성기사 보드게임
214,카멜롯의 그림자,https://boardlife.co.kr/game/186,3~7명,3,7,테마게임,7.528,https://search.shopping.naver.com/search/all?query=카멜롯의 그림자 보드게임,https://www.google.com/search?q=카멜롯의 그림자 보드게임
215,차가운 그녀가 눈을 뜨기 전에,https://boardlife.co.kr/game/15001,3~6명,3,6,테마게임,7.528,https://search.shopping.naver.com/search/all?query=차가운 그녀가 눈을 뜨기 전에 보드게임,https://www.google.com/search?q=차가운 그녀가 눈을 뜨기 전에 보드게임
216,바둑,https://boardlife.co.kr/game/2991,2명,2,2,추상게임,7.526,https://search.shopping.naver.com/search/all?query=바둑 보드게임,https://www.google.com/search?q=바둑 보드게임
217,클랭크! 레거시: 전리품 주식회사,https://boardlife.co.kr/game/11947,2~4명,2,4,테마게임,7.526,https://search.shopping.naver.com/search/all?query=클랭크! 레거시: 전리품 주식회사 보드게임,https://www.google.com/search?q=클랭크! 레거시: 전리품 주식회사 보드게임
218,배틀스타 갤럭티카 - 보드게임,https://boardlife.co.kr/game/177,3~6명,3,6,테마게임,7.525,https://search.shopping.naver.com/search/all?query=배틀스타 갤럭티카 - 보드게임 보드게임,https://www.google.com/search?q=배틀스타 갤럭티카 - 보드게임 보드게임
219,피드 더 크라켄,https://boardlife.co.kr/game/13704,5~11명,5,11,파티게임,7.524,https://search.shopping.naver.com/search/all?query=피드 더 크라켄 보드게임,https://www.google.com/search?q=피드 더 크라켄 보드게임
220,스위트 랜드,https://boardlife.co.kr/game/20251,1~4명,1,4,파티게임,7.522,https://search.shopping.naver.com/search/all?query=스위트 랜드 보드게임,https://www.google.com/search?q=스위트 랜드 보드게임
221,엔데버,https://boardlife.co.kr/game/841,3~5명,3,5,전략게임,7.516,https://search.shopping.naver.com/search/all?query=엔데버 보드게임,https://www.google.com/search?q=엔데버 보드게임
222,황금의 땅 엘도라도,https://boardlife.co.kr/game/14060,2~4명,2,4,가족게임,7.514,https://search.shopping.naver.com/search/all?query=황금의 땅 엘도라도 보드게임,https://www.google.com/search?q=황금의 땅 엘도라도 보드게임
223,아컴 호러 (3판),https://boardlife.co.kr/game/9790,1~6명,1,6,테마게임,7.512,https://search.shopping.naver.com/search/all?query=아컴 호러 (3판) 보드게임,https://www.google.com/search?q=아컴 호러 (3판) 보드게임
224,마리아,https://boardlife.co.kr/game/887,2~3명,2,3,워게임,7.512,https://search.shopping.naver.com/search/all?query=마리아 보드게임,https://www.google.com/search?q=마리아 보드게임
225,항로개척자,https://boardlife.co.kr/game/20444,1명,1,1,정보 없음,7.510,https://search.shopping.naver.com/search/all?query=항로개척자 보드게임,https://www.google.com/search?q=항로개척자 보드게임
226,블러드 레이지,https://boardlife.co.kr/game/5311,2~4명,2,4,전략게임,7.508,https://search.shopping.naver.com/search/all?query=블러드 레이지 보드게임,https://www.google.com/search?q=블러드 레이지 보드게임
227,화이트채플에서 온 편지,https://boardlife.co.kr/game/423,2~6명,2,6,전략게임,7.508,https://search.shopping.naver.com/search/all?query=화이트채플에서 온 편지 보드게임,https://www.google.com/search?q=화이트채플에서 온 편지 보드게임
228,롱 샷,https://boardlife.co.kr/game/378,3~8명,3,8,가족게임,7.507,https://search.shopping.naver.com/search/all?query=롱 샷 보드게임,https://www.google.com/search?q=롱 샷 보드게임
229,탑텐TV,https://boardlife.co.kr/game/15064,4~9명,4,9,파티게임,7.505,https://search.shopping.naver.com/search/all?query=탑텐TV 보드게임,https://www.google.com/search?q=탑텐TV 보드게임
230,아를의 평원,https://boardlife.co.kr/game/4179,1~2명,1,2,전략게임,7.504,https://search.shopping.naver.com/search/all?query=아를의 평원 보드게임,https://www.google.com/search?q=아를의 평원 보드게임
231,일곱번째 대륙,https://boardlife.co.kr/game/5919,1~4명,1,4,테마게임,7.500,https://search.shopping.naver.com/search/all?query=일곱번째 대륙 보드게임,https://www.google.com/search?q=일곱번째 대륙 보드게임
232,시즌스,https://boardlife.co.kr/game/91,2~4명,2,4,전략게임,7.498,https://search.shopping.naver.com/search/all?query=시즌스 보드게임,https://www.google.com/search?q=시즌스 보드게임
233,팬데믹,https://boardlife.co.kr/game/84,2~4명,2,4,전략게임,7.497,https://search.shopping.naver.com/search/all?query=팬데믹 보드게임,https://www.google.com/search?q=팬데믹 보드게임
234,시크릿 히틀러,https://boardlife.co.kr/game/6131,5~10명,5,10,파티게임,7.495,https://search.shopping.naver.com/search/all?query=시크릿 히틀러 보드게임,https://www.google.com/search?q=시크릿 히틀러 보드게임
235,타임 스토리즈,https://boardlife.co.kr/game/5323,2~4명,2,4,테마게임,7.494,https://search.shopping.naver.com/search/all?query=타임 스토리즈 보드게임,https://www.google.com/search?q=타임 스토리즈 보드게임
236,차이나타운,https://boardlife.co.kr/game/992,3~5명,3,5,전략게임,7.493,https://search.shopping.naver.com/search/all?query=차이나타운 보드게임,https://www.google.com/search?q=차이나타운 보드게임
237,아줄,https://boardlife.co.kr/game/9032,2~4명,2,4,추상게임,7.490,https://search.shopping.naver.com/search/all?query=아줄 보드게임,https://www.google.com/search?q=아줄 보드게임
238,하트 오브 크라운: 페어리 가든,https://boardlife.co.kr/game/11715,2~4명,2,4,전략게임,7.490,https://search.shopping.naver.com/search/all?query=하트 오브 크라운: 페어리 가든 보드게임,https://www.google.com/search?q=하트 오브 크라운: 페어리 가든 보드게임
239,액시스 & 얼라이즈: 1942,https://boardlife.co.kr/game/2564,2~5명,2,5,워게임,7.490,https://search.shopping.naver.com/search/all?query=액시스 & 얼라이즈: 1942 보드게임,https://www.google.com/search?q=액시스 & 얼라이즈: 1942 보드게임
240,불릿♥,https://boardlife.co.kr/game/14030,1~4명,1,4,가족게임,7.488,https://search.shopping.naver.com/search/all?query=불릿♥ 보드게임,https://www.google.com/search?q=불릿♥ 보드게임
241,어콰이어,https://boardlife.co.kr/game/4082,2~6명,2,6,전략게임,7.487,https://search.shopping.naver.com/search/all?query=어콰이어 보드게임,https://www.google.com/search?q=어콰이어 보드게임
242,스몰 월드,https://boardlife.co.kr/game/187,2~5명,2,5,전략게임,7.486,https://search.shopping.naver.com/search/all?query=스몰 월드 보드게임,https://www.google.com/search?q=스몰 월드 보드게임
243,디텍티브: 모던 크라임,https://boardlife.co.kr/game/10039,1~5명,1,5,테마게임,7.485,https://search.shopping.naver.com/search/all?query=디텍티브: 모던 크라임 보드게임,https://www.google.com/search?q=디텍티브: 모던 크라임 보드게임
244,어콰이어,https://boardlife.co.kr/game/7735,2~6명,2,6,전략게임,7.485,https://search.shopping.naver.com/search/all?query=어콰이어 보드게임,https://www.google.com/search?q=어콰이어 보드게임
245,메이지 워즈 아레나,https://boardlife.co.kr/game/784,2명,2,2,컬렉터블 게임,7.484,https://search.shopping.naver.com/search/all?query=메이지 워즈 아레나 보드게임,https://www.google.com/search?q=메이지 워즈 아레나 보드게임
246,코임브라,https://boardlife.co.kr/game/9852,2~4명,2,4,전략게임,7.481,https://search.shopping.naver.com/search/all?query=코임브라 보드게임,https://www.google.com/search?q=코임브라 보드게임
247,패치워크: 조각보,https://boardlife.co.kr/game/16277,1~2명,1,2,추상게임,7.481,https://search.shopping.naver.com/search/all?query=패치워크: 조각보 보드게임,https://www.google.com/search?q=패치워크: 조각보 보드게임
248,더 루프,https://boardlife.co.kr/game/14008,1~4명,1,4,전략게임,7.480,https://search.shopping.naver.com/search/all?query=더 루프 보드게임,https://www.google.com/search?q=더 루프 보드게임
249,윙스팬 아시아,https://boardlife.co.kr/game/16052,1~2명,1,2,전략게임,7.480,https://search.shopping.naver.com/search/all?query=윙스팬 아시아 보드게임,https://www.google.com/search?q=윙스팬 아시아 보드게임
250,월드 원더스,https://boardlife.co.kr/game/17257,1~5명,1,5,전략게임,7.478,https://search.shopping.naver.com/search/all?query=월드 원더스 보드게임,https://www.google.com/search?q=월드 원더스 보드게임
251,텔레스트레이션: 12인 파티팩,https://boardlife.co.kr/game/5157,4~12명,4,12,파티게임,7.474,https://search.shopping.naver.com/search/all?query=텔레스트레이션: 12인 파티팩 보드게임,https://www.google.com/search?q=텔레스트레이션: 12인 파티팩 보드게임
252,배틀 라인,https://boardlife.co.kr/game/581,2명,2,2,전략게임,7.470,https://search.shopping.naver.com/search/all?query=배틀 라인 보드게임,https://www.google.com/search?q=배틀 라인 보드게임
253,서스펙트 게임: 클로즈드 서클 미스터리,https://boardlife.co.kr/game/14526,4명,4,4,정보 없음,7.470,https://search.shopping.naver.com/search/all?query=서스펙트 게임: 클로즈드 서클 미스터리 보드게임,https://www.google.com/search?q=서스펙트 게임: 클로즈드 서클 미스터리 보드게임
254,스플렌더: 포켓몬,https://boardlife.co.kr/game/18277,2~4명,2,4,전략게임,7.469,https://search.shopping.naver.com/search/all?query=스플렌더: 포켓몬 보드게임,https://www.google.com/search?q=스플렌더: 포켓몬 보드게임
255,이스탄불,https://boardlife.co.kr/game/3764,2~5명,2,5,전략게임,7.469,https://search.shopping.naver.com/search/all?query=이스탄불 보드게임,https://www.google.com/search?q=이스탄불 보드게임
256,피렌체의 제후,https://boardlife.co.kr/game/230,2~5명,2,5,전략게임,7.468,https://search.shopping.naver.com/search/all?query=피렌체의 제후 보드게임,https://www.google.com/search?q=피렌체의 제후 보드게임
257,패치워크,https://boardlife.co.kr/game/4368,2명,2,2,추상게임,7.467,https://search.shopping.naver.com/search/all?query=패치워크 보드게임,https://www.google.com/search?q=패치워크 보드게임
258,라스베가스 로얄,https://boardlife.co.kr/game/11108,2~5명,2,5,가족게임,7.466,https://search.shopping.naver.com/search/all?query=라스베가스 로얄 보드게임,https://www.google.com/search?q=라스베가스 로얄 보드게임
259,테케누: 태양의 오벨리스크,https://boardlife.co.kr/game/13056,1~4명,1,4,전략게임,7.466,https://search.shopping.naver.com/search/all?query=테케누: 태양의 오벨리스크 보드게임,https://www.google.com/search?q=테케누: 태양의 오벨리스크 보드게임
260,반지의 제왕: 카드게임,https://boardlife.co.kr/game/436,1~2명,1,2,컬렉터블 게임,7.466,https://search.shopping.naver.com/search/all?query=반지의 제왕: 카드게임 보드게임,https://www.google.com/search?q=반지의 제왕: 카드게임 보드게임
261,루트비히의 성,https://boardlife.co.kr/game/4374,1~4명,1,4,전략게임,7.463,https://search.shopping.naver.com/search/all?query=루트비히의 성 보드게임,https://www.google.com/search?q=루트비히의 성 보드게임
262,석기시대,https://boardlife.co.kr/game/214,2~4명,2,4,전략게임,7.461,https://search.shopping.naver.com/search/all?query=석기시대 보드게임,https://www.google.com/search?q=석기시대 보드게임
263,카를로스 마그너스,https://boardlife.co.kr/game/2260,2~4명,2,4,전략게임,7.461,https://search.shopping.naver.com/search/all?query=카를로스 마그너스 보드게임,https://www.google.com/search?q=카를로스 마그너스 보드게임
264,스팀,https://boardlife.co.kr/game/181,3~5명,3,5,전략게임,7.460,https://search.shopping.naver.com/search/all?query=스팀 보드게임,https://www.google.com/search?q=스팀 보드게임
265,티펜탈의 선술집,https://boardlife.co.kr/game/10757,2~4명,2,4,전략게임,7.460,https://search.shopping.naver.com/search/all?query=티펜탈의 선술집 보드게임,https://www.google.com/search?q=티펜탈의 선술집 보드게임
266,러브 레터,https://boardlife.co.kr/game/81,2~4명,2,4,가족게임,7.459,https://search.shopping.naver.com/search/all?query=러브 레터 보드게임,https://www.google.com/search?q=러브 레터 보드게임
267,딕싯,https://boardlife.co.kr/game/14,3~8명,3,8,파티게임,7.459,https://search.shopping.naver.com/search/all?query=딕싯 보드게임,https://www.google.com/search?q=딕싯 보드게임
268,엑시트: 더 게임 - 버려진 오두막,https://boardlife.co.kr/game/8710,1~6명,1,6,테마게임,7.458,https://search.shopping.naver.com/search/all?query=엑시트: 더 게임 - 버려진 오두막 보드게임,https://www.google.com/search?q=엑시트: 더 게임 - 버려진 오두막 보드게임
269,신기루,https://boardlife.co.kr/game/9866,2~6명,2,6,정보 없음,7.456,https://search.shopping.naver.com/search/all?query=신기루 보드게임,https://www.google.com/search?q=신기루 보드게임
270,보라 보라,https://boardlife.co.kr/game/28,2~4명,2,4,전략게임,7.455,https://search.shopping.naver.com/search/all?query=보라 보라 보드게임,https://www.google.com/search?q=보라 보라 보드게임
271,튜링 머신,https://boardlife.co.kr/game/15886,1~4명,1,4,전략게임,7.454,https://search.shopping.naver.com/search/all?query=튜링 머신 보드게임,https://www.google.com/search?q=튜링 머신 보드게임
272,커맨드 & 컬러스: 고대,https://boardlife.co.kr/game/179,2명,2,2,워게임,7.452,https://search.shopping.naver.com/search/all?query=커맨드 & 컬러스: 고대 보드게임,https://www.google.com/search?q=커맨드 & 컬러스: 고대 보드게임
273,젝스님트,https://boardlife.co.kr/game/3237,2~10명,2,10,가족게임,7.451,https://search.shopping.naver.com/search/all?query=젝스님트 보드게임,https://www.google.com/search?q=젝스님트 보드게임
274,웨더 머신,https://boardlife.co.kr/game/14667,1~4명,1,4,전략게임,7.450,https://search.shopping.naver.com/search/all?query=웨더 머신 보드게임,https://www.google.com/search?q=웨더 머신 보드게임
275,7 원더스 (2판),https://boardlife.co.kr/game/14246,3~7명,3,7,전략게임,7.449,https://search.shopping.naver.com/search/all?query=7 원더스 (2판) 보드게임,https://www.google.com/search?q=7 원더스 (2판) 보드게임
276,마닐라,https://boardlife.co.kr/game/1084,3~5명,3,5,가족게임,7.449,https://search.shopping.naver.com/search/all?query=마닐라 보드게임,https://www.google.com/search?q=마닐라 보드게임
277,몰타의 관문,https://boardlife.co.kr/game/5972,2~5명,2,5,가족게임,7.446,https://search.shopping.naver.com/search/all?query=몰타의 관문 보드게임,https://www.google.com/search?q=몰타의 관문 보드게임
278,어콰이어,https://boardlife.co.kr/game/542,3~6명,3,6,전략게임,7.444,https://search.shopping.naver.com/search/all?query=어콰이어 보드게임,https://www.google.com/search?q=어콰이어 보드게임
279,웰컴 투 더 문,https://boardlife.co.kr/game/14877,1~6명,1,6,가족게임,7.444,https://search.shopping.naver.com/search/all?query=웰컴 투 더 문 보드게임,https://www.google.com/search?q=웰컴 투 더 문 보드게임
280,레전더리 인카운터: 에일리언 덱 빌딩 게임,https://boardlife.co.kr/game/4171,1~5명,1,5,테마게임,7.443,https://search.shopping.naver.com/search/all?query=레전더리 인카운터: 에일리언 덱 빌딩 게임 보드게임,https://www.google.com/search?q=레전더리 인카운터: 에일리언 덱 빌딩 게임 보드게임
281,아그리콜라 15,https://boardlife.co.kr/game/15508,1~4명,1,4,정보 없음,7.442,https://search.shopping.naver.com/search/all?query=아그리콜라 15 보드게임,https://www.google.com/search?q=아그리콜라 15 보드게임
282,언락 6,https://boardlife.co.kr/game/16541,1~6명,1,6,테마게임,7.441,https://search.shopping.naver.com/search/all?query=언락 6 보드게임,https://www.google.com/search?q=언락 6 보드게임
283,팬데믹: 이베리아,https://boardlife.co.kr/game/6841,2~5명,2,5,전략게임,7.440,https://search.shopping.naver.com/search/all?query=팬데믹: 이베리아 보드게임,https://www.google.com/search?q=팬데믹: 이베리아 보드게임
284,위저드 익스트림,https://boardlife.co.kr/game/2768,3~5명,3,5,가족게임,7.440,https://search.shopping.naver.com/search/all?query=위저드 익스트림 보드게임,https://www.google.com/search?q=위저드 익스트림 보드게임
285,타르기,https://boardlife.co.kr/game/1324,2명,2,2,전략게임,7.440,https://search.shopping.naver.com/search/all?query=타르기 보드게임,https://www.google.com/search?q=타르기 보드게임
286,너도? 나도! 파티,https://boardlife.co.kr/game/11869,3~12명,3,12,정보 없음,7.440,https://search.shopping.naver.com/search/all?query=너도? 나도! 파티 보드게임,https://www.google.com/search?q=너도? 나도! 파티 보드게임
287,센추리: 골렘 에디션,https://boardlife.co.kr/game/9344,2~5명,2,5,전략게임,7.438,https://search.shopping.naver.com/search/all?query=센추리: 골렘 에디션 보드게임,https://www.google.com/search?q=센추리: 골렘 에디션 보드게임
288,비티컬처,https://boardlife.co.kr/game/2093,2~6명,2,6,전략게임,7.436,https://search.shopping.naver.com/search/all?query=비티컬처 보드게임,https://www.google.com/search?q=비티컬처 보드게임
289,러브크래프트 레터,https://boardlife.co.kr/game/9136,2~6명,2,6,가족게임,7.432,https://search.shopping.naver.com/search/all?query=러브크래프트 레터 보드게임,https://www.google.com/search?q=러브크래프트 레터 보드게임
290,레이징 로봇,https://boardlife.co.kr/game/18144,1~6명,1,6,전략게임,7.431,https://search.shopping.naver.com/search/all?query=레이징 로봇 보드게임,https://www.google.com/search?q=레이징 로봇 보드게임
291,퍼스트 클래스,https://boardlife.co.kr/game/7707,2~4명,2,4,전략게임,7.424,https://search.shopping.naver.com/search/all?query=퍼스트 클래스 보드게임,https://www.google.com/search?q=퍼스트 클래스 보드게임
292,오를로이: 프라하 천문시계,https://boardlife.co.kr/game/21270,1~4명,1,4,전략게임,7.422,https://search.shopping.naver.com/search/all?query=오를로이: 프라하 천문시계 보드게임,https://www.google.com/search?q=오를로이: 프라하 천문시계 보드게임
293,오스티아,https://boardlife.co.kr/game/15279,1~4명,1,4,전략게임,7.421,https://search.shopping.naver.com/search/all?query=오스티아 보드게임,https://www.google.com/search?q=오스티아 보드게임
294,롤 포 더 갤럭시,https://boardlife.co.kr/game/2233,2~5명,2,5,전략게임,7.421,https://search.shopping.naver.com/search/all?query=롤 포 더 갤럭시 보드게임,https://www.google.com/search?q=롤 포 더 갤럭시 보드게임
295,위대한 달무티,https://boardlife.co.kr/game/968,4~8명,4,8,파티게임,7.420,https://search.shopping.naver.com/search/all?query=위대한 달무티 보드게임,https://www.google.com/search?q=위대한 달무티 보드게임
296,플립타운,https://boardlife.co.kr/game/7992,1~4명,1,4,전략게임,7.420,https://search.shopping.naver.com/search/all?query=플립타운 보드게임,https://www.google.com/search?q=플립타운 보드게임
297,랭카스터,https://boardlife.co.kr/game/442,2~5명,2,5,전략게임,7.418,https://search.shopping.naver.com/search/all?query=랭카스터 보드게임,https://www.google.com/search?q=랭카스터 보드게임
298,티켓 투 라이드: 노르딕,https://boardlife.co.kr/game/182,2~3명,2,3,가족게임,7.416,https://search.shopping.naver.com/search/all?query=티켓 투 라이드: 노르딕 보드게임,https://www.google.com/search?q=티켓 투 라이드: 노르딕 보드게임
299,위너스 서클 2판,https://boardlife.co.kr/game/5978,2~6명,2,6,가족게임,7.416,https://search.shopping.naver.com/search/all?query=위너스 서클 2판 보드게임,https://www.google.com/search?q=위너스 서클 2판 보드게임
300,기즈모,https://boardlife.co.kr/game/9789,2~4명,2,4,가족게임,7.413,https://search.shopping.naver.com/search/all?query=기즈모 보드게임,https://www.google.com/search?q=기즈모 보드게임
